Ad,UCB,E-Greedy,Softmax,Combined
Ad 1,0.083,0.0,0.15972894909858867,0.08090964969952956
Ad 2,0.067,0.0,0.11351910374241199,0.060173034580803995
Ad 3,0.077,0.0,0.06830309917364293,0.04843436639121431
Ad 4,0.08,0.0,0.1450304411473735,0.07501014704912451
Ad 5,0.321,0.0,0.25999993838666446,0.19366664612888815
Ad 6,0.06,0.0,0.01128668279045162,0.023762227596817204
Ad 7,0.077,0.0,0.1168562690695287,0.06461875635650956
Ad 8,0.105,0.0,0.21454216115115013,0.10651405371705004
Ad 9,0.074,0.0,0.11153846275039253,0.06184615425013085
Ad 10,0.056,0.04889999999999995,0.03812636652307573,0.047675455507691894
