Ad,UCB,E-Greedy,Softmax,Combined
Ad 1,0.083,0.21818181818181823,0.1663636140197362,0.15584847740051813
Ad 2,0.067,0.10752688172043011,0.14713542650867992,0.10722076940970333
Ad 3,0.077,0.1304347826086957,0.0851528520190364,0.09752921154257736
Ad 4,0.08,0.14953271028037382,0.10283157872538397,0.11078809633525259
Ad 5,0.321,0.27073224525804945,0.27637530253026776,0.2893691825961057
Ad 6,0.06,0.021505376344086023,0.009708737196853483,0.030404704513646505
Ad 7,0.077,0.13978494623655915,0.10588233744183174,0.1075557612261303
Ad 8,0.105,0.21153846153846154,0.20280608778245657,0.17311484977363936
Ad 9,0.074,0.09900990099009901,0.08888890047137334,0.08729960048715744
Ad 10,0.056,0.04316546762589927,0.04123711321427798,0.04680086028005909
